,Name,ID,Status,Class,Mass (g),Fall,Year,Latitude,Longitude,GeoLocation
1,Aarhus,2.0,Valid,H6,720.0,Observed,1951.0,56.18333,10.23333,"(56.183330, 10.233330)"
6,Adzhi-Bogdo (stone),390.0,Valid,LL3-6,910.0,Observed,1949.0,44.83333,95.16667,"(44.833330, 95.166670)"
15,Akyumak,433.0,Valid,"Iron, IVA",50000.0,Observed,1981.0,39.91667,42.81667,"(39.916670, 42.816670)"
19,Albareto,453.0,Valid,L/LL4,2000.0,Observed,1766.0,44.65,11.01667,"(44.650000, 11.016670)"
23,Aleppo,462.0,Valid,L6,3200.0,Observed,1873.0,36.23333,37.13333,"(36.233330, 37.133330)"
25,Alexandrovsky,465.0,Valid,H4,9251.0,Observed,1900.0,50.95,31.81667,"(50.950000, 31.816670)"
26,Alfianello,466.0,Valid,L6,228000.0,Observed,1883.0,45.26667,10.15,"(45.266670, 10.150000)"
30,Alta'ameem,2284.0,Valid,LL5,6000.0,Observed,1977.0,35.27333,44.21556,"(35.273330, 44.215560)"
34,Andreevka,2296.0,Valid,L3,600.0,Observed,1969.0,48.7,37.5,"(48.700000, 37.500000)"
39,Aomori,2313.0,Valid,L6,320.0,Observed,1984.0,40.81056,140.78556,"(40.810560, 140.785560)"
48,Assisi,2353.0,Valid,H5,2000.0,Observed,1886.0,43.03333,12.55,"(43.033330, 12.550000)"
58,Avce,4906.0,Valid,"Iron, IIAB",1230.0,Observed,1908.0,46.0,13.5,"(46.000000, 13.500000)"
62,Bachmut,4917.0,Valid,L6,18000.0,Observed,1814.0,48.6,38.0,"(48.600000, 38.000000)"
74,Barnaul,4947.0,Valid,H5,23.2,Observed,1904.0,52.73333,84.08333,"(52.733330, 84.083330)"
79,Baszkówka,4957.0,Valid,L5,15500.0,Observed,1994.0,52.03333,20.93583,"(52.033330, 20.935830)"
108,Bialystok,5042.0,Valid,Eucrite-pmict,4000.0,Observed,1827.0,53.1,23.2,"(53.100000, 23.200000)"
109,Bielokrynitschie,5043.0,Valid,H4,1900.0,Observed,1887.0,50.13333,27.16667,"(50.133330, 27.166670)"
115,Bjelaja Zerkov,5063.0,Valid,H6,1850.0,Observed,1796.0,49.78333,30.16667,"(49.783330, 30.166670)"
116,Bjurböle,5064.0,Valid,L/LL4,330000.0,Observed,1899.0,60.4,25.8,"(60.400000, 25.800000)"
120,Blansko,5072.0,Valid,H6,470.0,Observed,1833.0,49.36667,16.63333,"(49.366670, 16.633330)"
125,Boguslavka,5098.0,Valid,"Iron, IIAB",256000.0,Observed,1916.0,44.55,131.63333,"(44.550000, 131.633330)"
126,Borgo San Donino,5110.0,Valid,LL6,1676.0,Observed,1808.0,44.86667,10.05,"(44.866670, 10.050000)"
128,Boriskino,5112.0,Valid,CM2,1342.0,Observed,1930.0,54.23333,52.48333,"(54.233330, 52.483330)"
129,Borkut,5113.0,Valid,L5,7000.0,Observed,1852.0,48.15,24.28333,"(48.150000, 24.283330)"
130,Borodino,5114.0,Valid,H5,500.0,Observed,1812.0,55.46667,35.86667,"(55.466670, 35.866670)"
131,Botschetschki,5117.0,Valid,L4,614.0,Observed,1823.0,51.33333,33.88333,"(51.333330, 33.883330)"
136,Braunau,5133.0,Valid,"Iron, IIAB",39000.0,Observed,1847.0,50.6,16.3,"(50.600000, 16.300000)"
139,Brient,5140.0,Valid,Eucrite-pmict,219.0,Observed,1933.0,52.13333,59.31667,"(52.133330, 59.316670)"
141,Bukhara,30448.0,Valid,CV3,5300.0,Observed,2001.0,39.77978,64.60035,"(39.779780, 64.600350)"
146,Bursa,5177.0,Valid,L6,25000.0,Observed,1946.0,40.2,29.23333,"(40.200000, 29.233330)"
147,Buschhof,5178.0,Valid,L6,5000.0,Observed,1863.0,46.45,25.78333,"(46.450000, 25.783330)"
153,Cacak,5187.0,Valid,OC,212.0,Observed,1919.0,43.83889,20.33333,"(43.838890, 20.333330)"
157,Çanakkale,5250.0,Valid,L6,4000.0,Observed,1964.0,39.8,26.6,"(39.800000, 26.600000)"
164,Caratash,5265.0,Valid,LL6,8.0,Observed,1902.0,38.5,27.0,"(38.500000, 27.000000)"
167,Castrovillari,5295.0,Valid,Stone-uncl,15000.0,Observed,1583.0,39.8,16.2,"(39.800000, 16.200000)"
187,Chelyabinsk,57165.0,Valid,LL5,100000.0,Observed,2013.0,54.81667,61.11667,"(54.816670, 61.116670)"
189,Chernyi Bor,5339.0,Valid,H4,6000.0,Observed,1964.0,53.7,30.1,"(53.700000, 30.100000)"
192,Chervony Kut,5342.0,Valid,Eucrite-mmict,1700.0,Observed,1939.0,50.83333,34.0,"(50.833330, 34.000000)"
203,Collescipoli,5403.0,Valid,H5,5000.0,Observed,1890.0,42.53333,12.61667,"(42.533330, 12.616670)"
218,Dashoguz,6604.0,Valid,H5,7000.0,Observed,1998.0,41.98444,59.685,"(41.984440, 59.685000)"
223,Demina,6649.0,Valid,L6,16400.0,Observed,1911.0,51.46667,84.76667,"(51.466670, 84.766670)"
232,Didim,47350.0,Valid,H3-5,3396.0,Observed,2007.0,37.35172,27.32997,"(37.351720, 27.329970)"
239,Dolgovoli,7659.0,Valid,L6,1600.0,Observed,1864.0,50.75,25.3,"(50.750000, 25.300000)"
240,Domanitch,7661.0,Valid,L5,438.0,Observed,1907.0,40.0,29.0,"(40.000000, 29.000000)"
241,Dong Ujimqin Qi,7706.0,Valid,Mesosiderite,128800.0,Observed,1995.0,45.5,119.03333,"(45.500000, 119.033330)"
244,Doroninsk,7718.0,Valid,H5-7,3891.0,Observed,1805.0,51.2,112.3,"(51.200000, 112.300000)"
250,Dubrovnik,7736.0,Valid,L3-6,1900.0,Observed,1951.0,42.45833,18.44167,"(42.458330, 18.441670)"
261,Eichstädt,7775.0,Valid,H5,3000.0,Observed,1785.0,48.9,11.21667,"(48.900000, 11.216670)"
262,Ekeby,7776.0,Valid,H4,3336.0,Observed,1939.0,56.03333,13.0,"(56.033330, 13.000000)"
268,Elbogen,7823.0,Valid,"Iron, IID",107000.0,Observed,1399.0,50.18333,12.73333,"(50.183330, 12.733330)"
269,Elenovka,7824.0,Valid,L5,54640.0,Observed,1951.0,47.83333,37.66667,"(47.833330, 37.666670)"
276,Erevan,10043.0,Valid,Howardite,107.2,Observed,1911.0,40.3,44.5,"(40.300000, 44.500000)"
278,Erxleben,10049.0,Valid,H6,2250.0,Observed,1812.0,52.21667,11.25,"(52.216670, 11.250000)"
290,Fermo,10091.0,Valid,H3-5,10200.0,Observed,1996.0,43.18111,13.75333,"(43.181110, 13.753330)"
306,Galkiv,10850.0,Valid,H4,5000.0,Observed,1995.0,51.68333,30.78333,"(51.683330, 30.783330)"
312,Gifu,10914.0,Valid,L6,14290.0,Observed,1909.0,35.53333,136.88333,"(35.533330, 136.883330)"
313,Girgenti,10917.0,Valid,L6,18000.0,Observed,1853.0,37.31667,13.56667,"(37.316670, 13.566670)"
317,Glasatovo,10926.0,Valid,H4,152000.0,Observed,1918.0,57.35,37.61667,"(57.350000, 37.616670)"
319,Gnadenfrei,10936.0,Valid,H5,1750.0,Observed,1879.0,50.66667,16.76667,"(50.666670, 16.766670)"
321,Gorlovka,10949.0,Valid,H3.7,3618.0,Observed,1974.0,48.28333,38.08333,"(48.283330, 38.083330)"
323,Grefsheim,11196.0,Valid,L5,45.5,Observed,1976.0,60.66667,11.0,"(60.666670, 11.000000)"
325,Grosnaja,11206.0,Valid,CV3,3500.0,Observed,1861.0,43.66667,45.38333,"(43.666670, 45.383330)"
326,Gross-Divina,11207.0,Valid,H5,10500.0,Observed,1837.0,49.26667,18.71667,"(49.266670, 18.716670)"
327,Grossliebenthal,11208.0,Valid,L6,8000.0,Observed,1881.0,46.35,30.58333,"(46.350000, 30.583330)"
328,Grüneberg,11426.0,Valid,H4,1000.0,Observed,1841.0,51.93333,15.5,"(51.933330, 15.500000)"
329,Grzempach,11429.0,Valid,H5,690.0,Observed,1910.0,52.86667,16.63333,"(52.866670, 16.633330)"
331,Guangmingshan,11435.0,Valid,H5,2910.0,Observed,1996.0,39.80417,122.76389,"(39.804170, 122.763890)"
332,Guangrao,11437.0,Valid,L6,1900.0,Observed,1980.0,37.1,118.4,"(37.100000, 118.400000)"
334,Guêa,11440.0,Valid,Stone-uncl,1915.0,Observed,1891.0,43.76667,20.23333,"(43.766670, 20.233330)"
339,Gumoschnik,11450.0,Valid,H5,5700.0,Observed,1904.0,42.9,24.7,"(42.900000, 24.700000)"
343,Gyokukei,11467.0,Valid,OC,1320.0,Observed,1930.0,35.0,127.5,"(35.000000, 127.500000)"
344,Hachi-oji,11468.0,Valid,H?,0.2,Observed,1817.0,35.65,139.33333,"(35.650000, 139.333330)"
346,Hallingeberg,11479.0,Valid,L3.4,1456.0,Observed,1944.0,57.81667,16.23333,"(57.816670, 16.233330)"
352,Hashima,11848.0,Valid,H4,1110.6,Observed,1910.0,35.2945,136.70033,"(35.294500, 136.700330)"
355,Haverö,11859.0,Valid,Ureilite,1544.0,Observed,1971.0,60.24556,22.06194,"(60.245560, 22.061940)"
356,Hedeskoga,11869.0,Valid,H5,3500.0,Observed,1922.0,55.46667,13.78333,"(55.466670, 13.783330)"
359,Hessle,11878.0,Valid,H5,20000.0,Observed,1869.0,59.85,17.66667,"(59.850000, 17.666670)"
364,Hökmark,11893.0,Valid,L4,305.5,Observed,1954.0,64.43333,21.2,"(64.433330, 21.200000)"
369,Hotse,11913.0,Valid,L6,180.0,Observed,1956.0,35.66667,115.5,"(35.666670, 115.500000)"
371,Hraschina,11916.0,Valid,"Iron, IID",49000.0,Observed,1751.0,46.1,16.33333,"(46.100000, 16.333330)"
374,Hvittis,11989.0,Valid,EL6,14000.0,Observed,1901.0,61.18333,22.68333,"(61.183330, 22.683330)"
377,Ichkala,11995.0,Valid,H6,3973.0,Observed,1936.0,58.2,82.93333,"(58.200000, 82.933330)"
381,Indarch,12027.0,Valid,EH4,27000.0,Observed,1891.0,39.75,46.66667,"(39.750000, 46.666670)"
383,Inner Mongolia,12037.0,Valid,L6,3000.0,Observed,1963.0,41.0,112.0,"(41.000000, 112.000000)"
395,Jartai,12074.0,Valid,L6,20500.0,Observed,1979.0,39.7,105.8,"(39.700000, 105.800000)"
396,Jelica,12078.0,Valid,LL6,34000.0,Observed,1889.0,43.83333,20.44167,"(43.833330, 20.441670)"
397,Jesenice,51589.0,Valid,L6,3667.0,Observed,2009.0,46.42137,14.05217,"(46.421370, 14.052170)"
401,Jilin,12171.0,Valid,H5,4000000.0,Observed,1976.0,44.05,126.16667,"(44.050000, 126.166670)"
403,Jodzie,12173.0,Valid,Howardite,30.0,Observed,1877.0,55.7,24.4,"(55.700000, 24.400000)"
407,Juancheng,12203.0,Valid,H5,100000.0,Observed,1997.0,35.5,115.41667,"(35.500000, 115.416670)"
410,Junan,12210.0,Valid,L6,950.0,Observed,1976.0,35.2,118.8,"(35.200000, 118.800000)"
413,Kaba,12218.0,Valid,CV3,3000.0,Observed,1857.0,47.35,21.3,"(47.350000, 21.300000)"
417,Kagarlyk,12227.0,Valid,L6,1900.0,Observed,1908.0,49.86667,30.83333,"(49.866670, 30.833330)"
419,Kainsaz,12229.0,Valid,CO3.2,200000.0,Observed,1937.0,55.43333,53.25,"(55.433330, 53.250000)"
421,Kakowa,12231.0,Valid,L6,577.0,Observed,1858.0,45.13333,21.66667,"(45.133330, 21.666670)"
425,Kamiomi,12240.0,Valid,H5,448.0,Observed,1913.0,36.04167,139.95667,"(36.041670, 139.956670)"
432,Kaptal-Aryk,12253.0,Valid,L6,3500.0,Observed,1937.0,42.45,73.36667,"(42.450000, 73.366670)"
433,Karakol,12256.0,Valid,LL6,3000.0,Observed,1840.0,47.21667,81.01667,"(47.216670, 81.016670)"
439,Kasamatsu,12266.0,Valid,H,710.0,Observed,1938.0,35.36667,136.76667,"(35.366670, 136.766670)"
443,Kayakent,12268.0,Valid,"Iron, IIIAB",85000.0,Observed,1961.0,39.26333,31.78,"(39.263330, 31.780000)"
445,Kemer,53654.0,Valid,L4,5760.0,Observed,2008.0,36.54194,29.41822,"(36.541940, 29.418220)"
450,Kesen,12286.0,Valid,H4,135000.0,Observed,1850.0,38.98333,141.61667,"(38.983330, 141.616670)"
453,Kharkov,12291.0,Valid,L6,1500.0,Observed,1787.0,50.625,35.075,"(50.625000, 35.075000)"
456,Khmelevka,12297.0,Valid,L5,6109.0,Observed,1929.0,56.75,75.33333,"(56.750000, 75.333330)"
460,Kiel,12301.0,Valid,L6,737.6,Observed,1962.0,54.4,10.15,"(54.400000, 10.150000)"
462,Kijima (1906),12305.0,Valid,Stone-uncl,331.0,Observed,1906.0,36.85,138.38333,"(36.850000, 138.383330)"
463,Kikino,12306.0,Valid,H6,195.0,Observed,1809.0,55.0,34.0,"(55.000000, 34.000000)"
469,Kisvarsány,12325.0,Valid,L6,1550.0,Observed,1914.0,48.16667,22.30833,"(48.166670, 22.308330)"
471,Klein-Wenden,12332.0,Valid,H6,3250.0,Observed,1843.0,51.6,10.8,"(51.600000, 10.800000)"
472,Knyahinya,12335.0,Valid,L/LL5,500000.0,Observed,1866.0,48.9,22.4,"(48.900000, 22.400000)"
475,Komagome,12343.0,Valid,Iron,238.0,Observed,1926.0,35.73333,139.75,"(35.733330, 139.750000)"
476,Konovo,12344.0,Valid,LL5,90.0,Observed,1931.0,42.51667,26.16667,"(42.516670, 26.166670)"
477,Košice,53810.0,Valid,H5,4300.0,Observed,2010.0,48.76367,21.17633,"(48.763670, 21.176330)"
479,Krasnoi-Ugol,12355.0,Valid,L6,2440.0,Observed,1829.0,54.03333,40.9,"(54.033330, 40.900000)"
480,Krasnyi Klyuch,12357.0,Valid,H5,4000.0,Observed,1946.0,54.33333,56.08333,"(54.333330, 56.083330)"
481,Krutikha,12363.0,Valid,OC,845.2,Observed,1906.0,56.8,77.0,"(56.800000, 77.000000)"
482,Krymka,12364.0,Valid,LL3.2,50000.0,Observed,1946.0,47.83333,30.76667,"(47.833330, 30.766670)"
483,Kukschin,12368.0,Valid,L6,2250.0,Observed,1938.0,51.15,31.7,"(51.150000, 31.700000)"
485,Kuleschovka,12370.0,Valid,L6,6000.0,Observed,1811.0,50.75,33.5,"(50.750000, 33.500000)"
486,Kulp,12373.0,Valid,H6,3719.0,Observed,1906.0,41.11667,45.0,"(41.116670, 45.000000)"
487,Kunashak,12377.0,Valid,L6,200000.0,Observed,1949.0,55.78333,61.36667,"(55.783330, 61.366670)"
488,Kunya-Urgench,12379.0,Valid,H5,1100000.0,Observed,1998.0,42.25,59.2,"(42.250000, 59.200000)"
489,Kushiike,12381.0,Valid,OC,4460.0,Observed,1920.0,37.05,138.38333,"(37.050000, 138.383330)"
491,Kutais,12383.0,Valid,H5,23.0,Observed,1977.0,44.51667,39.3,"(44.516670, 39.300000)"
493,Kuznetzovo,12385.0,Valid,L6,4047.0,Observed,1932.0,55.2,75.33333,"(55.200000, 75.333330)"
506,Långhalsen,12461.0,Valid,L6,2300.0,Observed,1947.0,58.85,16.73333,"(58.850000, 16.733330)"
507,Lanxi,12464.0,Valid,L6,1282.0,Observed,1986.0,46.24167,126.19611,"(46.241670, 126.196110)"
508,Lanzenkirchen,12465.0,Valid,L4,7000.0,Observed,1925.0,47.75,16.23333,"(47.750000, 16.233330)"
511,Lavrentievka,12743.0,Valid,L6,800.0,Observed,1938.0,52.45,51.56667,"(52.450000, 51.566670)"
518,Leonovka,12765.0,Valid,L6,700.0,Observed,1900.0,52.26667,32.85,"(52.266670, 32.850000)"
522,Lillaverke,14650.0,Valid,H5,6862.0,Observed,1930.0,56.65,15.86667,"(56.650000, 15.866670)"
524,Linum,14655.0,Valid,L6,1862.0,Observed,1854.0,52.75,12.9,"(52.750000, 12.900000)"
526,Lissa,14661.0,Valid,L6,12800.0,Observed,1808.0,50.2,14.85,"(50.200000, 14.850000)"
528,Lixna,14670.0,Valid,H4,5213.0,Observed,1820.0,56.0,26.43333,"(56.000000, 26.433330)"
535,Łowicz,14718.0,Valid,Mesosiderite-A3,59000.0,Observed,1935.0,52.0,19.91667,"(52.000000, 19.916670)"
540,Lundsgård,14755.0,Valid,L6,11000.0,Observed,1889.0,56.21667,13.03333,"(56.216670, 13.033330)"
541,Luotolax,14756.0,Valid,Howardite,885.0,Observed,1813.0,61.2,27.7,"(61.200000, 27.700000)"
551,Magnesia,15386.0,Valid,"Iron, IAB-sHL",5000.0,Observed,1899.0,37.86667,27.51667,"(37.866670, 27.516670)"
559,Mamra Springs,15401.0,Valid,L6,1000.0,Observed,1927.0,45.21667,62.08333,"(45.216670, 62.083330)"
563,Manych,15409.0,Valid,LL3.4,3555.0,Observed,1951.0,45.81667,44.63333,"(45.816670, 44.633330)"
566,Maribo,48973.0,Valid,CM2,25.81,Observed,2009.0,54.76183,11.46745,"(54.761830, 11.467450)"
570,Marjalahti,15426.0,Valid,"Pallasite, PMG",45000.0,Observed,1902.0,61.5,30.5,"(61.500000, 30.500000)"
575,Mässing,15443.0,Valid,Howardite,1600.0,Observed,1803.0,48.13333,12.61667,"(48.133330, 12.616670)"
576,Mauerkirchen,15446.0,Valid,L6,19000.0,Observed,1768.0,48.18333,13.13333,"(48.183330, 13.133330)"
585,Menow,15485.0,Valid,H4,10500.0,Observed,1862.0,53.18333,13.15,"(53.183330, 13.150000)"
587,Mern,15489.0,Valid,L6,4000.0,Observed,1878.0,55.05,12.06667,"(55.050000, 12.066670)"
589,Messina,15495.0,Valid,L5,2405.0,Observed,1955.0,38.18333,15.56667,"(38.183330, 15.566670)"
590,Meuselbach,16626.0,Valid,L6,870.0,Observed,1897.0,50.58333,11.1,"(50.583330, 11.100000)"
592,Mezö-Madaras,16628.0,Valid,L3.7,22700.0,Observed,1852.0,46.5,25.73333,"(46.500000, 25.733330)"
597,Mighei,16634.0,Valid,CM2,8000.0,Observed,1889.0,48.06667,30.96667,"(48.066670, 30.966670)"
598,Mihonoseki,16635.0,Valid,L6,6380.0,Observed,1992.0,35.56833,133.22,"(35.568330, 133.220000)"
599,Mike,16636.0,Valid,L6,224.2,Observed,1944.0,46.23333,17.53333,"(46.233330, 17.533330)"
600,Milena,16640.0,Valid,L6,10000.0,Observed,1842.0,46.18333,16.1,"(46.183330, 16.100000)"
603,Minamino,16692.0,Valid,L,1040.0,Observed,1632.0,35.07833,136.93333,"(35.078330, 136.933330)"
604,Mineo,16696.0,Valid,Pallasite,42.0,Observed,1826.0,37.28333,14.7,"(37.283330, 14.700000)"
606,Minnichhof,16700.0,Valid,OC,550.0,Observed,1905.0,47.7,16.6,"(47.700000, 16.600000)"
608,Misshof,16703.0,Valid,H5,5800.0,Observed,1890.0,56.66667,23.0,"(56.666670, 23.000000)"
610,Mocs,16709.0,Valid,L5-6,300000.0,Observed,1882.0,46.8,24.03333,"(46.800000, 24.033330)"
618,Monte Milone,16726.0,Valid,L5,3130.0,Observed,1846.0,43.26667,13.35,"(43.266670, 13.350000)"
625,Morávka,16742.0,Valid,H5,633.0,Observed,2000.0,49.6,18.53333,"(49.600000, 18.533330)"
627,Moss,36592.0,Valid,CO3.6,3763.0,Observed,2006.0,59.43333,10.7,"(59.433330, 10.700000)"
641,Nagai,16890.0,Valid,L6,1810.0,Observed,1922.0,38.12167,140.06167,"(38.121670, 140.061670)"
643,Nagy-Borové,16893.0,Valid,L5,6100.0,Observed,1895.0,49.16667,19.5,"(49.166670, 19.500000)"
647,Nan Yang Pao,16903.0,Valid,L6,52900.0,Observed,1917.0,35.66667,103.5,"(35.666670, 103.500000)"
655,Neagari,16934.0,Valid,L6,420.0,Observed,1995.0,36.44917,136.46528,"(36.449170, 136.465280)"
658,Nerft,16945.0,Valid,L6,10250.0,Observed,1864.0,56.5,21.5,"(56.500000, 21.500000)"
659,Neuschwanstein,16950.0,Valid,EL6,6189.0,Observed,2002.0,47.525,10.80833,"(47.525000, 10.808330)"
665,Nikolaevka,16976.0,Valid,H4,3996.0,Observed,1935.0,52.45,78.63333,"(52.450000, 78.633330)"
666,Nikolskoe,16977.0,Valid,L4,6000.0,Observed,1954.0,56.11667,37.33333,"(56.116670, 37.333330)"
677,Noventa Vicentina,17930.0,Valid,H4,177.0,Observed,1971.0,45.29167,11.52722,"(45.291670, 11.527220)"
678,Novo-Urei,17933.0,Valid,Ureilite,1900.0,Observed,1886.0,54.81667,46.0,"(54.816670, 46.000000)"
679,Novy-Projekt,17935.0,Valid,OC,1001.0,Observed,1908.0,56.0,22.0,"(56.000000, 22.000000)"
680,Noyan-Bogdo,17936.0,Valid,L6,250.0,Observed,1933.0,42.91667,102.46667,"(42.916670, 102.466670)"
683,Numakai,17960.0,Valid,H4,363.0,Observed,1925.0,43.33333,141.86667,"(43.333330, 141.866670)"
685,Nyirábrany,17970.0,Valid,LL5,1100.0,Observed,1914.0,47.55,22.025,"(47.550000, 22.025000)"
686,Ochansk,17979.0,Valid,H4,500000.0,Observed,1887.0,57.78333,55.26667,"(57.783330, 55.266670)"
688,Oesel,17989.0,Valid,L6,6000.0,Observed,1855.0,58.5,23.0,"(58.500000, 23.000000)"
689,Ofehértó,17990.0,Valid,L6,3750.0,Observed,1900.0,47.88333,22.03333,"(47.883330, 22.033330)"
691,Ohaba,17995.0,Valid,H5,16250.0,Observed,1857.0,46.06667,23.58333,"(46.066670, 23.583330)"
694,Okabe,17998.0,Valid,H5,194.0,Observed,1958.0,36.18333,139.21667,"(36.183330, 139.216670)"
695,Okano,18000.0,Valid,"Iron, IIAB",4742.0,Observed,1904.0,35.08333,135.2,"(35.083330, 135.200000)"
696,Okniny,18002.0,Valid,LL6,12000.0,Observed,1834.0,50.83333,25.5,"(50.833330, 25.500000)"
700,Omolon,18019.0,Valid,"Pallasite, PMG",250000.0,Observed,1981.0,64.02,161.80833,"(64.020000, 161.808330)"
705,Orvinio,18034.0,Valid,H6,3400.0,Observed,1872.0,42.13333,12.93333,"(42.133330, 12.933330)"
707,Otomi,18045.0,Valid,H,6510.0,Observed,1867.0,38.4,140.35,"(38.400000, 140.350000)"
716,Padvarninkai,18069.0,Valid,Eucrite-mmict,3858.0,Observed,1929.0,55.66667,25.0,"(55.666670, 25.000000)"
719,Palinshih,18077.0,Valid,Iron,18000.0,Observed,1914.0,43.48333,118.61667,"(43.483330, 118.616670)"
733,Patti,18118.0,Valid,Iron,12.0,Observed,1922.0,38.13333,14.96667,"(38.133330, 14.966670)"
735,Pavel,18173.0,Valid,H5,2968.0,Observed,1966.0,43.46667,25.51667,"(43.466670, 25.516670)"
736,Pavlodar (stone),18175.0,Valid,H5,142.5,Observed,1938.0,52.3,77.03333,"(52.300000, 77.033330)"
737,Pavlograd,18176.0,Valid,L6,40000.0,Observed,1826.0,48.53333,35.98333,"(48.533330, 35.983330)"
738,Pavlovka,18177.0,Valid,Howardite,2000.0,Observed,1882.0,52.03333,43.0,"(52.033330, 43.000000)"
746,Pervomaisky,18798.0,Valid,L6,66000.0,Observed,1933.0,56.63333,39.43333,"(56.633330, 39.433330)"
747,Pesyanoe,18799.0,Valid,Aubrite,3393.0,Observed,1933.0,55.5,66.08333,"(55.500000, 66.083330)"
754,Piancaldoli,18813.0,Valid,LL3.4,13.1,Observed,1968.0,44.24417,11.50222,"(44.244170, 11.502220)"
755,Pillistfer,18822.0,Valid,EL6,23250.0,Observed,1863.0,58.66667,25.73333,"(58.666670, 25.733330)"
762,Pleşcoi,51706.0,Valid,L5-6,6913.0,Observed,2008.0,45.275,26.70972,"(45.275000, 26.709720)"
763,Ploschkovitz,18849.0,Valid,L5,39.0,Observed,1723.0,50.53333,14.11667,"(50.533330, 14.116670)"
765,Pohlitz,18853.0,Valid,L5,3000.0,Observed,1819.0,50.93333,12.13333,"(50.933330, 12.133330)"
767,Pollen,18860.0,Valid,CM2,253.6,Observed,1942.0,66.34833,14.015,"(66.348330, 14.015000)"
772,Prambachkirchen,18883.0,Valid,L6,2125.0,Observed,1932.0,48.3025,13.94083,"(48.302500, 13.940830)"
773,Pribram,18887.0,Valid,H5,5555.0,Observed,1959.0,49.66667,14.03333,"(49.666670, 14.033330)"
777,Pultusk,18901.0,Valid,H5,250000.0,Observed,1868.0,52.76667,21.26667,"(52.766670, 21.266670)"
785,Quija,22361.0,Valid,H,17450.0,Observed,1990.0,44.61667,126.13333,"(44.616670, 126.133330)"
790,Rakovka,22376.0,Valid,L6,9000.0,Observed,1878.0,52.98333,37.03333,"(52.983330, 37.033330)"
797,Raoyang,22394.0,Valid,L6,4910.0,Observed,1919.0,38.2,115.7,"(38.200000, 115.700000)"
799,Rasgrad,22396.0,Valid,Stone-uncl,24700.0,Observed,1740.0,43.5,26.53333,"(43.500000, 26.533330)"
800,Ratyn,22398.0,Valid,Stone-uncl,910.0,Observed,1880.0,52.2,17.98333,"(52.200000, 17.983330)"
804,Renazzo,22586.0,Valid,CR2,1000.0,Observed,1824.0,44.76667,11.28333,"(44.766670, 11.283330)"
806,Renqiu,22589.0,Valid,L6,355.0,Observed,1916.0,38.66667,116.13333,"(38.666670, 116.133330)"
807,Repeev Khutor,22590.0,Valid,"Iron, IIF",7000.0,Observed,1933.0,48.6,45.66667,"(48.600000, 45.666670)"
819,Rodach,22642.0,Valid,Stone-uncl,2900.0,Observed,1775.0,50.35,10.8,"(50.350000, 10.800000)"
825,Ryechki,22791.0,Valid,L5,13000.0,Observed,1914.0,51.13333,34.5,"(51.133330, 34.500000)"
830,Sakauchi,23103.0,Valid,Iron,4180.0,Observed,1913.0,35.66667,136.3,"(35.666670, 136.300000)"
833,Salzwedel,23114.0,Valid,LL5,43.0,Observed,1985.0,52.75,11.05,"(52.750000, 11.050000)"
836,San Michele,31315.0,Valid,L6,237.0,Observed,2002.0,43.66667,13.0,"(43.666670, 13.000000)"
844,Saratov,23176.0,Valid,L4,200000.0,Observed,1918.0,52.55,46.55,"(52.550000, 46.550000)"
847,Savtschenskoje,23190.0,Valid,LL4,2500.0,Observed,1894.0,47.21667,29.86667,"(47.216670, 29.866670)"
848,Sayama,23192.0,Valid,CM2,430.0,Observed,1986.0,35.86667,139.4,"(35.866670, 139.400000)"
849,Sazovice,23455.0,Valid,L5,412.0,Observed,1934.0,49.23333,17.56667,"(49.233330, 17.566670)"
850,Schellin,23457.0,Valid,L,7000.0,Observed,1715.0,53.35,15.05,"(53.350000, 15.050000)"
852,Schönenberg,23460.0,Valid,L6,8000.0,Observed,1846.0,48.11667,10.46667,"(48.116670, 10.466670)"
854,Sediköy,23473.0,Valid,L6,240.0,Observed,1917.0,38.3,27.13333,"(38.300000, 27.133330)"
860,Senboku,23496.0,Valid,H6,866.0,Observed,1993.0,39.43833,140.51167,"(39.438330, 140.511670)"
862,Seres,23501.0,Valid,H4,8500.0,Observed,1818.0,41.05,23.56667,"(41.050000, 23.566670)"
866,Sevrukovo,23509.0,Valid,L5,101000.0,Observed,1874.0,50.61667,36.6,"(50.616670, 36.600000)"
874,Shuangyang,23582.0,Valid,H5,3900.0,Observed,1971.0,43.5,125.66667,"(43.500000, 125.666670)"
877,Siena,23586.0,Valid,LL5,3700.0,Observed,1794.0,43.11667,11.6,"(43.116670, 11.600000)"
878,Sikhote-Alin,23593.0,Valid,"Iron, IIAB",23000000.0,Observed,1947.0,46.16,134.65333,"(46.160000, 134.653330)"
880,Silistra,55584.0,Valid,Achondrite-ung,0.15,Observed,1917.0,44.11667,27.26667,"(44.116670, 27.266670)"
887,Sivas,23617.0,Valid,H6,40000.0,Observed,1989.0,39.82467,36.13583,"(39.824670, 36.135830)"
889,Ski,23621.0,Valid,L6,850.0,Observed,1848.0,59.73333,10.86667,"(59.733330, 10.866670)"
890,Slavetic,23626.0,Valid,H5,1708.0,Observed,1868.0,45.68333,15.6,"(45.683330, 15.600000)"
891,Slobodka,23645.0,Valid,L4,2750.0,Observed,1818.0,55.0,35.0,"(55.000000, 35.000000)"
893,Soko-Banja,23661.0,Valid,LL4,80000.0,Observed,1877.0,43.66667,21.86667,"(43.666670, 21.866670)"
895,Sołtmany,53829.0,Valid,L6,1066.0,Observed,2011.0,54.00883,22.005,"(54.008830, 22.005000)"
896,Sone,23667.0,Valid,H5,17100.0,Observed,1866.0,35.16667,135.33333,"(35.166670, 135.333330)"
897,Songyuan,23668.0,Valid,L6,36900.0,Observed,1993.0,45.25,125.0,"(45.250000, 125.000000)"
898,Sopot,23670.0,Valid,OC,958.0,Observed,1927.0,44.41667,23.5,"(44.416670, 23.500000)"
908,St. Michel,23093.0,Valid,L6,17000.0,Observed,1910.0,61.65,27.2,"(61.650000, 27.200000)"
910,Ställdalen,23712.0,Valid,H5,34000.0,Observed,1876.0,59.93333,14.95,"(59.933330, 14.950000)"
911,Stannern,23713.0,Valid,Eucrite-mmict,52000.0,Observed,1808.0,49.28333,15.56667,"(49.283330, 15.566670)"
912,Stavropol,23717.0,Valid,L6,1500.0,Observed,1857.0,45.05,41.98333,"(45.050000, 41.983330)"
914,Sterlitamak,23724.0,Valid,"Iron, IIIAB",325000.0,Observed,1990.0,53.66667,55.98333,"(53.666670, 55.983330)"
920,Suchy Dul,23737.0,Valid,L6,815.3,Observed,1969.0,50.53806,16.26333,"(50.538060, 16.263330)"
924,Sungach,23745.0,Valid,H5,637.0,Observed,1935.0,44.86667,133.16667,"(44.866670, 133.166670)"
928,Tabor,23776.0,Valid,H5,7540.0,Observed,1753.0,49.4,14.65,"(49.400000, 14.650000)"
932,Takenouchi,23789.0,Valid,H5,720.0,Observed,1880.0,35.38333,134.9,"(35.383330, 134.900000)"
935,Tané,23801.0,Valid,L5,905.0,Observed,1918.0,35.43333,136.23333,"(35.433330, 136.233330)"
936,Taonan,23873.0,Valid,L5,3850.0,Observed,1965.0,45.4,122.9,"(45.400000, 122.900000)"
939,Tauk,23887.0,Valid,L6,6000.0,Observed,1929.0,35.13333,44.45,"(35.133330, 44.450000)"
940,Tauti,23888.0,Valid,L6,21000.0,Observed,1937.0,46.71667,23.5,"(46.716670, 23.500000)"
942,Tennasilm,23898.0,Valid,L4,28500.0,Observed,1872.0,58.03333,26.95,"(58.033330, 26.950000)"
947,Tieschitz,23989.0,Valid,H/L3.6,28000.0,Observed,1878.0,49.6,17.11667,"(49.600000, 17.116670)"
950,Timochin,24004.0,Valid,H5,65500.0,Observed,1807.0,54.5,35.2,"(54.500000, 35.200000)"
955,Tomakovka,24019.0,Valid,LL6,600.0,Observed,1905.0,47.85,34.76667,"(47.850000, 34.766670)"
958,Tomiya,24024.0,Valid,H4/5,27.5,Observed,1984.0,38.36667,140.86556,"(38.366670, 140.865560)"
963,Tounkin,24037.0,Valid,OC,2000.0,Observed,1824.0,51.73333,102.53333,"(51.733330, 102.533330)"
965,Trebbin,24042.0,Valid,LL6,1250.0,Observed,1988.0,52.21667,13.16667,"(52.216670, 13.166670)"
966,Trenzano,24046.0,Valid,H3/4,11800.0,Observed,1856.0,45.46667,10.0,"(45.466670, 10.000000)"
970,Trysil,24057.0,Valid,L/LL6,640.0,Observed,1927.0,61.3,12.3,"(61.300000, 12.300000)"
971,Tsukuba,24059.0,Valid,H5-6,800.0,Observed,1996.0,36.06333,140.145,"(36.063330, 140.145000)"
973,Tugalin-Bulen,24062.0,Valid,H6,10000.0,Observed,1967.0,45.46667,105.38333,"(45.466670, 105.383330)"
977,Tyumen,24095.0,Valid,Iron,750.0,Observed,1903.0,57.16667,65.53333,"(57.166670, 65.533330)"
980,Uchkuduk,24098.0,Valid,L6,1000.0,Observed,1989.0,41.76667,62.51667,"(41.766670, 62.516670)"
988,Undulung,24121.0,Valid,L4,113.4,Observed,1986.0,66.13889,124.76667,"(66.138890, 124.766670)"
991,Usti Nad Orlici,24132.0,Valid,L6,1269.0,Observed,1963.0,49.975,16.375,"(49.975000, 16.375000)"
995,Vago,24143.0,Valid,H6,40.0,Observed,1668.0,45.41667,11.13333,"(45.416670, 11.133330)"
1000,Vavilovka,24154.0,Valid,LL6,1932.0,Observed,1876.0,46.15,32.83333,"(46.150000, 32.833330)"
1001,Vengerovo,24158.0,Valid,H5,10800.0,Observed,1950.0,56.13333,77.26667,"(56.133330, 77.266670)"
1002,Veramin,24162.0,Valid,Mesosiderite-B2,54000.0,Observed,1880.0,35.33333,51.63333,"(35.333330, 51.633330)"
1003,Verkhne Tschirskaia,24165.0,Valid,H5,8000.0,Observed,1843.0,48.41667,43.2,"(48.416670, 43.200000)"
1005,Vetluga,24169.0,Valid,Eucrite-mmict,750.0,Observed,1949.0,57.8,45.8,"(57.800000, 45.800000)"
1006,Vigarano,24174.0,Valid,CV3,15000.0,Observed,1910.0,44.85,11.4,"(44.850000, 11.400000)"
1009,Virba,24185.0,Valid,L6,3600.0,Observed,1873.0,43.53333,22.63333,"(43.533330, 22.633330)"
1018,Wessely,24244.0,Valid,H5,3750.0,Observed,1831.0,48.95,17.38333,"(48.950000, 17.383330)"
1031,Wuan,24340.0,Valid,H6,50000.0,Observed,1986.0,36.75,114.25,"(36.750000, 114.250000)"
1032,Xi Ujimgin,24345.0,Valid,L/LL6-an,5900.0,Observed,1980.0,44.66667,117.5,"(44.666670, 117.500000)"
1038,Yardymly,30352.0,Valid,"Iron, IAB complex",150200.0,Observed,1959.0,38.93333,48.25,"(38.933330, 48.250000)"
1040,Yonozu,30366.0,Valid,H4/5,31650.0,Observed,1837.0,37.75,139.0,"(37.750000, 139.000000)"
1044,Yurtuk,30378.0,Valid,Howardite,1472.0,Observed,1936.0,47.31667,35.36667,"(47.316670, 35.366670)"
1045,Zaborzika,30379.0,Valid,L6,3867.0,Observed,1818.0,50.28333,27.68333,"(50.283330, 27.683330)"
1046,Zabrodje,30380.0,Valid,L6,3000.0,Observed,1893.0,55.18333,27.91667,"(55.183330, 27.916670)"
1049,Zaisan,30388.0,Valid,H5,463.0,Observed,1963.0,47.5,83.0,"(47.500000, 83.000000)"
1052,Zavetnoe,30395.0,Valid,L6,800.0,Observed,1952.0,47.13333,43.9,"(47.133330, 43.900000)"
1053,Zavid,30396.0,Valid,L6,95000.0,Observed,1897.0,44.4,19.11667,"(44.400000, 19.116670)"
1054,Zebrak,30397.0,Valid,H5,2000.0,Observed,1824.0,49.88333,13.91667,"(49.883330, 13.916670)"
1055,Zemaitkiemis,30399.0,Valid,L6,44100.0,Observed,1933.0,55.3,25.0,"(55.300000, 25.000000)"
1056,Zhaodong,30404.0,Valid,L4,42000.0,Observed,1984.0,45.81667,125.91667,"(45.816670, 125.916670)"
1057,Zhovtnevyi,30407.0,Valid,H6,107000.0,Observed,1938.0,47.58333,37.25,"(47.583330, 37.250000)"
1058,Zhuanghe,30408.0,Valid,H5,2900.0,Observed,1976.0,39.66667,122.98333,"(39.666670, 122.983330)"
1059,Zmenj,30411.0,Valid,Howardite,246.0,Observed,1858.0,51.83333,26.83333,"(51.833330, 26.833330)"
1061,Zsadany,30413.0,Valid,H5,552.0,Observed,1875.0,46.93333,21.5,"(46.933330, 21.500000)"
1062,Zvonkov,30415.0,Valid,H6,2568.0,Observed,1955.0,50.2,30.25,"(50.200000, 30.250000)"
1067,Abo,8.0,Valid,H,1.2,Found,1840.0,60.43333,22.3,"(60.433330, 22.300000)"
1468,Adalia,374.0,Valid,Eucrite-mmict,1.0,Found,1883.0,36.9,30.68333,"(36.900000, 30.683330)"
1483,Adzhi-Bogdo (iron),389.0,Valid,"Iron, IAB complex",582000.0,Found,1952.0,44.86667,95.41667,"(44.866670, 95.416670)"
1510,Akmolla,429.0,Valid,H4,114.0,Found,1988.0,39.53833,59.55833,"(39.538330, 59.558330)"
1564,Alaer 001,49713.0,Valid,LL5,1.7,Found,2007.0,40.33333,81.25,"(40.333330, 81.250000)"
1565,Alaer 002,49714.0,Valid,LL5,1.1,Found,2007.0,40.33333,81.25,"(40.333330, 81.250000)"
1568,Alatage,452.0,Valid,"Iron, IIIAB",37500.0,Found,1959.0,42.33333,93.0,"(42.333330, 93.000000)"
1580,Aliskerovo,472.0,Valid,"Iron, IIIE-an",58400.0,Found,1977.0,67.88333,167.5,"(67.883330, 167.500000)"
3328,Alt Bela,2283.0,Valid,"Iron, IID",4000.0,Found,1898.0,49.76667,18.25,"(49.766670, 18.250000)"
3335,Andryushki,2297.0,Valid,L6,26.6,Found,1898.0,49.65,29.63333,"(49.650000, 29.633330)"
3346,Anyujskij,2312.0,Valid,"Iron, IIAB",100000.0,Found,1981.0,66.9,164.2,"(66.900000, 164.200000)"
3350,Aprel'sky,2319.0,Valid,"Iron, IIIAB",54600.0,Found,1969.0,53.3,126.11667,"(53.300000, 126.116670)"
3353,Araslanovo,2324.0,Valid,L/LL5,132000.0,Found,1973.0,55.14167,48.2,"(55.141670, 48.200000)"
3364,Armanty,2335.0,Valid,"Iron, IIIE",28000000.0,Found,1898.0,47.0,88.0,"(47.000000, 88.000000)"
4900,Augustinovka,4898.0,Valid,"Iron, IIIAB",400000.0,Found,1890.0,48.06667,35.08333,"(48.066670, 35.083330)"
4912,Bakhardok,4923.0,Valid,L6,4120.0,Found,1978.0,38.6,58.0,"(38.600000, 58.000000)"
4923,Barcis,4945.0,Valid,"Pallasite, PMG",87.0,Found,1950.0,46.1,12.35,"(46.100000, 12.350000)"
4928,Baruun Urt,44704.0,Valid,H5,25.9,Found,2002.0,46.7,113.28333,"(46.700000, 113.283330)"
4946,Batyushkovo,51586.0,Valid,L5,4620.0,Found,2007.0,55.54867,35.2995,"(55.548670, 35.299500)"
4976,Benešov (a),54854.0,Valid,LL3.5,9.72,Found,2011.0,49.76667,14.63333,"(49.766670, 14.633330)"
4977,Benešov (b),54855.0,Valid,H5,1.54,Found,2011.0,49.76667,14.63333,"(49.766670, 14.633330)"
4982,Berdyansk,5027.0,Valid,L6,2250.0,Found,1843.0,46.75,36.81667,"(46.750000, 36.816670)"
4987,Beyneu,30444.0,Valid,H6,45.0,Found,2001.0,45.4633,55.23497,"(45.463300, 55.234970)"
4994,Bilibino,5046.0,Valid,"Iron, IIAB",1000000.0,Found,1981.0,67.3,160.8,"(67.300000, 160.800000)"
5013,Bischtübe,5057.0,Valid,"Iron, IAB-sLL",48250.0,Found,1888.0,51.95,62.2,"(51.950000, 62.200000)"
5051,Bodaibo,5094.0,Valid,"Iron, IVA",15900.0,Found,1907.0,57.85,114.2,"(57.850000, 114.200000)"
5053,Bogoslovka,5096.0,Valid,H5,2180.0,Found,1948.0,52.5,68.8,"(52.500000, 68.800000)"
5054,Bohumilitz,5099.0,Valid,"Iron, IAB-MG",59000.0,Found,1829.0,49.05,13.76667,"(49.050000, 13.766670)"
5055,Bolshaya Korta,5101.0,Valid,H5,1593.0,Found,1939.0,57.63333,83.36667,"(57.633330, 83.366670)"
5085,Brahin,5130.0,Valid,"Pallasite, PMG",823000.0,Found,1810.0,52.5,30.33333,"(52.500000, 30.333330)"
5114,Budulan,5161.0,Valid,Mesosiderite-B4,100000.0,Found,1962.0,50.56667,114.9,"(50.566670, 114.900000)"
5121,Burgavli,5168.0,Valid,"Iron, IAB-MG",24900.0,Found,1941.0,66.4,137.46667,"(66.400000, 137.466670)"
5123,Burkhala,5171.0,Valid,"Iron, IAB-ung",1825.0,Found,1983.0,63.8,149.0,"(63.800000, 149.000000)"
5252,Castenaso,30450.0,Valid,L5,120.0,Found,2003.0,44.495,11.35556,"(44.495000, 11.355560)"
5305,Chaunskij,5333.0,Valid,Mesosiderite-an,1990.0,Found,1985.0,69.1,172.6,"(69.100000, 172.600000)"
5306,Chebankol,5335.0,Valid,"Iron, IAB-sHL",127760.0,Found,1938.0,53.66667,88.0,"(53.666670, 88.000000)"
5307,Cheder,5336.0,Valid,"Iron, IID",5390.0,Found,2003.0,51.53333,94.6,"(51.533330, 94.600000)"
5316,Chinga,5353.0,Valid,"Iron, ungrouped",209400.0,Found,1913.0,51.05833,94.4,"(51.058330, 94.400000)"
6596,Darinskoe,6602.0,Valid,"Iron, IIC",11200.0,Found,1984.0,51.41667,51.96667,"(51.416670, 51.966670)"
6639,Dengli,6650.0,Valid,H3.8,243.5,Found,1976.0,39.06667,58.86667,"(39.066670, 58.866670)"
6649,Dermbach,6665.0,Valid,"Iron, ungrouped",1500.0,Found,1924.0,50.71667,10.11667,"(50.716670, 10.116670)"
8067,Digor,49716.0,Valid,"Iron, IIIAB",3800.0,Found,2006.0,42.33333,89.33333,"(42.333330, 89.333330)"
8069,Dimitrovgrad,7644.0,Valid,"Iron, IIIAB",100000.0,Found,1949.0,43.04639,22.86389,"(43.046390, 22.863890)"
8074,Divnoe,7650.0,Valid,Achondrite-ung,12700.0,Found,1981.0,45.7,43.7,"(45.700000, 43.700000)"
8098,Dorofeevka,7717.0,Valid,"Iron, IIF",12600.0,Found,1910.0,53.33333,70.06667,"(53.333330, 70.066670)"
8105,Dronino,7732.0,Valid,"Iron, ungrouped",40000.0,Found,2000.0,54.74667,41.42167,"(54.746670, 41.421670)"
8128,Efremovka,7772.0,Valid,CV3,21000.0,Found,1962.0,52.5,77.0,"(52.500000, 77.000000)"
8129,Egvekinot,7773.0,Valid,"Iron, IAB-sLM",10000.0,Found,1970.0,66.8,178.2,"(66.800000, 178.200000)"
10544,Elga,10012.0,Valid,"Iron, IIE",28800.0,Found,1959.0,64.7,141.2,"(64.700000, 141.200000)"
10571,Erofeevka,10048.0,Valid,H4,1771.9,Found,1937.0,51.86667,70.35,"(51.866670, 70.350000)"
10601,Finmarken,10103.0,Valid,"Pallasite, PMG",78300.0,Found,1902.0,70.0,24.0,"(70.000000, 24.000000)"
10616,Föllinge,10118.0,Valid,"Iron, IAB-sLH",400.0,Found,1932.0,63.73333,14.85,"(63.733330, 14.850000)"
11458,Fukang,34491.0,Valid,"Pallasite, PMG",1003000.0,Found,2000.0,44.43333,87.63333,"(44.433330, 87.633330)"
11478,Genichesk,10871.0,Valid,L5/6,531.0,Found,1927.0,46.7,32.6,"(46.700000, 32.600000)"
11811,Gressk,11200.0,Valid,"Iron, IIAB",303000.0,Found,1955.0,53.23333,27.33333,"(53.233330, 27.333330)"
14947,Horh Uul,11909.0,Valid,"Iron, IIIAB",44000.0,Found,2001.0,43.25,104.16667,"(43.250000, 104.166670)"
15043,Ilinskaya Stanitza,12023.0,Valid,"Iron, IIIAB",5621.0,Found,1915.0,51.23333,57.38333,"(51.233330, 57.383330)"
15063,Ischgl,56431.0,Valid,LL6,724.0,Found,1976.0,47.02633,10.27333,"(47.026330, 10.273330)"
15064,Isheyevo,30726.0,Valid,CH/CBb,16000.0,Found,2003.0,53.61667,56.33333,"(53.616670, 56.333330)"
15068,Issa,30727.0,Valid,H5,14.3,Found,2002.0,53.8675,44.8595,"(53.867500, 44.859500)"
15075,Ivanovka,12061.0,Valid,H5,8870.0,Found,1983.0,54.5,52.8,"(54.500000, 52.800000)"
15082,Jarud Qi,49715.0,Valid,L5,452.0,Found,2000.0,44.61667,120.93333,"(44.616670, 120.933330)"
15083,Javorje,53489.0,Valid,"Iron, IIIAB",4920.0,Found,2009.0,46.16244,14.19166,"(46.162440, 14.191660)"
15092,Jerslev,12084.0,Valid,"Iron, IIAB",40000.0,Found,1976.0,55.608833,11.229167,"(55.608833, 11.229167)"
15749,Kaalijarv,12217.0,Valid,"Iron, IAB-MG",2250.0,Found,1937.0,58.4,22.66667,"(58.400000, 22.666670)"
15750,Kabakly,12219.0,Valid,H4,71.6,Found,1965.0,39.76667,62.51667,"(39.766670, 62.516670)"
15763,Kamioka,12239.0,Valid,H4,30.0,Found,1921.0,39.51667,140.36667,"(39.516670, 140.366670)"
15764,Kamyshla,12242.0,Valid,L6,1540.0,Found,1981.0,54.0,52.2,"(54.000000, 52.200000)"
15770,Karagai,12255.0,Valid,L6,115.0,Found,1900.0,51.11667,57.91667,"(51.116670, 57.916670)"
15773,Kargapole,12261.0,Valid,H4,21800.0,Found,1961.0,55.88333,64.3,"(55.883330, 64.300000)"
15788,Khatyrka,55600.0,Valid,CV3,0.1,Found,2011.0,62.65316,174.50043,"(62.653160, 174.500430)"
15790,Kifkakhsyagan,12304.0,Valid,"Iron, IIIAB",18800.0,Found,1972.0,64.4,172.7,"(64.400000, 172.700000)"
15800,Kirishi,51592.0,Valid,L4,1350.0,Found,2006.0,59.54833,32.11333,"(59.548330, 32.113330)"
15801,Kissij,12324.0,Valid,H5,5500.0,Found,1899.0,54.86667,50.88333,"(54.866670, 50.883330)"
15803,Kivesvaara,12328.0,Valid,CM2,164.0,Found,1968.0,64.45,27.56667,"(64.450000, 27.566670)"
15811,Koltsovo,30742.0,Valid,H4,20020.0,Found,2004.0,54.7505,36.978,"(54.750500, 36.978000)"
15812,Königsbrück,34493.0,Valid,H/L4,51.8,Found,2004.0,51.26667,13.9,"(51.266670, 13.900000)"
15820,Krasnodar,44716.0,Valid,L5,2040.0,Found,2006.0,45.00569,39.20519,"(45.005690, 39.205190)"
15821,Krasnojarsk,12356.0,Valid,"Pallasite, PMG-an",700000.0,Found,1749.0,54.9,91.8,"(54.900000, 91.800000)"
15827,Krzadka,12365.0,Valid,Iron,2500.0,Found,1929.0,50.375,21.73333,"(50.375000, 21.733330)"
15845,Kumtag,49512.0,Valid,H5,26000.0,Found,2008.0,41.66889,93.17306,"(41.668890, 93.173060)"
15846,Kumtag 002,56383.0,Valid,L4,557.0,Found,2011.0,41.5,93.55,"(41.500000, 93.550000)"
15847,Kumtag 003,56384.0,Valid,H5,1260.0,Found,2011.0,41.5,93.55,"(41.500000, 93.550000)"
16158,Lebedinnyi,12754.0,Valid,Iron,410.0,Found,1925.0,55.95,125.4,"(55.950000, 125.400000)"
16162,Lenarto,12763.0,Valid,"Iron, IIIAB",108500.0,Found,1814.0,49.0,21.0,"(49.000000, 21.000000)"
18041,Liangcheng,14645.0,Valid,"Iron, IIIAB",200000.0,Found,1959.0,40.5,112.5,"(40.500000, 112.500000)"
18049,Lipovsky,14658.0,Valid,"Pallasite, PMG",3500.0,Found,1904.0,49.08333,42.51667,"(49.083330, 42.516670)"
18474,Magura,15388.0,Valid,"Iron, IAB-MG",150000.0,Found,1840.0,49.33333,19.48333,"(49.333330, 19.483330)"
18482,Maldyak,15396.0,Valid,"Iron, IIIAB",992.0,Found,1939.0,63.33333,148.16667,"(63.333330, 148.166670)"
18488,Manlai,15407.0,Valid,"Iron, ungrouped",166800.0,Found,1954.0,44.33333,106.5,"(44.333330, 106.500000)"
18497,Mar'inka,15423.0,Valid,"Iron, IIAB",144.0,Found,1976.0,47.9,37.5,"(47.900000, 37.500000)"
18499,Markovka,15427.0,Valid,H4,54200.0,Found,1967.0,52.4,79.8,"(52.400000, 79.800000)"
18500,Markovka (b),30755.0,Valid,L5,207.0,Found,2003.0,52.42405,79.68128,"(52.424050, 79.681280)"
18506,Maslyanino,15439.0,Valid,"Iron, IAB complex",26000.0,Found,1992.0,54.25,84.33333,"(54.250000, 84.333330)"
18526,Melnikovo,15474.0,Valid,LL6,545.6,Found,1983.0,49.78333,35.6,"(49.783330, 35.600000)"
19676,Metsäkylä,16625.0,Valid,H4,1200.0,Found,1938.0,60.65,27.06667,"(60.650000, 27.066670)"
19737,Mokrousovo,16714.0,Valid,L/LL4/5,789.2,Found,1968.0,55.9,66.7,"(55.900000, 66.700000)"
19748,Morasko,16741.0,Valid,"Iron, IAB-MG",290000.0,Found,1914.0,52.46667,16.9,"(52.466670, 16.900000)"
19843,Mühlau,16843.0,Valid,OC,5.0,Found,1877.0,47.28333,11.41667,"(47.283330, 11.416670)"
19873,Muonionalusta,16873.0,Valid,"Iron, IVA",230000.0,Found,1906.0,67.8,23.1,"(67.800000, 23.100000)"
19881,Muslyumovo,16884.0,Valid,H4,10580.0,Found,1964.0,55.3,53.2,"(55.300000, 53.200000)"
19885,Nagy-Vázsony,16894.0,Valid,"Iron, IAB-sLL",2000.0,Found,1890.0,46.98333,17.7,"(46.983330, 17.700000)"
19888,Naiman,16896.0,Valid,L6,1050.0,Found,1982.0,42.83333,120.66667,"(42.833330, 120.666670)"
19900,Näs,16919.0,Valid,LL6,375.0,Found,1907.0,59.18333,12.21667,"(59.183330, 12.216670)"
19916,Nenntmannsdorf,16943.0,Valid,"Iron, IIAB",12500.0,Found,1872.0,50.96667,13.95,"(50.966670, 13.950000)"
19920,Netschaëvo,16949.0,Valid,"Iron, IIE-an",250000.0,Found,1846.0,54.23333,35.15,"(54.233330, 35.150000)"
19935,Nieder Finow,16971.0,Valid,"Iron, IAB complex",287.0,Found,1950.0,52.83333,13.93333,"(52.833330, 13.933330)"
19938,Nochtuisk,16986.0,Valid,Iron,8.0,Found,1876.0,59.98333,117.58333,"(59.983330, 117.583330)"
19945,Norin-Shibir,16995.0,Valid,"Iron, ungrouped",3.5,Found,1900.0,51.85,107.91667,"(51.850000, 107.916670)"
20146,Novorybinskoe,17931.0,Valid,"Iron, IVA",3055.0,Found,1937.0,51.88333,71.25,"(51.883330, 71.250000)"
20147,Novosibirsk,17932.0,Valid,H5/6,11410.0,Found,1978.0,55.0,82.9,"(55.000000, 82.900000)"
20173,Oczeretna,17981.0,Valid,H4,130.0,Found,1871.0,49.31667,31.51667,"(49.316670, 31.516670)"
20175,Odessa (stone),17986.0,Valid,H4,1926.0,Found,1960.0,46.5,30.76667,"(46.500000, 30.766670)"
20210,Onello,18020.0,Valid,"Iron, ungrouped",164.0,Found,1997.0,63.16667,137.66667,"(63.166670, 137.666670)"
20212,Opava,18021.0,Valid,Iron,14300.0,Found,1925.0,49.96667,17.9,"(49.966670, 17.900000)"
20215,Orimattila,18028.0,Valid,H4,1872.0,Found,1974.0,60.58333,25.58333,"(60.583330, 25.583330)"
20216,Orlovka,18029.0,Valid,H5,40500.0,Found,1928.0,56.0,76.75,"(56.000000, 76.750000)"
20222,Österplana 048,56147.0,Relict,Relict OC,0.0,Found,2004.0,58.58333,13.43333,"(58.583330, 13.433330)"
20223,Österplana 049,56148.0,Relict,Relict OC,0.0,Found,2012.0,58.58333,13.43333,"(58.583330, 13.433330)"
20224,Österplana 050,56149.0,Relict,Relict OC,0.0,Found,2003.0,58.58333,13.43333,"(58.583330, 13.433330)"
20225,Österplana 051,56150.0,Relict,Relict OC,0.0,Found,2006.0,58.58333,13.43333,"(58.583330, 13.433330)"
20226,Österplana 052,56151.0,Relict,Relict OC,0.0,Found,2006.0,58.58333,13.43333,"(58.583330, 13.433330)"
20227,Österplana 053,56152.0,Relict,Relict OC,0.0,Found,2002.0,58.58333,13.43333,"(58.583330, 13.433330)"
20228,Österplana 054,56153.0,Relict,Relict OC,0.0,Found,2005.0,58.58333,13.43333,"(58.583330, 13.433330)"
20229,Österplana 055,56154.0,Relict,Relict OC,0.0,Found,2008.0,58.58333,13.43333,"(58.583330, 13.433330)"
20230,Österplana 056,56155.0,Relict,Relict OC,0.0,Found,2008.0,58.58333,13.43333,"(58.583330, 13.433330)"
20231,Österplana 057,56156.0,Relict,Relict OC,0.0,Found,2009.0,58.58333,13.43333,"(58.583330, 13.433330)"
20232,Österplana 058,56157.0,Relict,Relict OC,0.0,Found,2009.0,58.58333,13.43333,"(58.583330, 13.433330)"
20233,Österplana 059,56158.0,Relict,Relict OC,0.0,Found,2009.0,58.58333,13.43333,"(58.583330, 13.433330)"
20234,Österplana 060,56159.0,Relict,Relict OC,0.0,Found,2009.0,58.58333,13.43333,"(58.583330, 13.433330)"
20235,Österplana 061,56160.0,Relict,Relict OC,0.0,Found,2009.0,58.58333,13.43333,"(58.583330, 13.433330)"
20236,Österplana 062,56161.0,Relict,Relict OC,0.0,Found,2010.0,58.58333,13.43333,"(58.583330, 13.433330)"
20237,Österplana 063,56162.0,Relict,Relict OC,0.0,Found,2010.0,58.58333,13.43333,"(58.583330, 13.433330)"
20238,Österplana 064,56163.0,Relict,Relict OC,0.0,Found,2011.0,58.58333,13.43333,"(58.583330, 13.433330)"
20254,Oyogos-Yar,18064.0,Valid,H4,1200.0,Found,1990.0,72.68333,143.53333,"(72.683330, 143.533330)"
20255,Ozernoe,18065.0,Valid,L6,1830.0,Found,1983.0,54.9,62.8,"(54.900000, 62.800000)"
20257,Ozren,18067.0,Valid,"Iron, IAB-MG",3900.0,Found,1952.0,44.6125,18.41806,"(44.612500, 18.418060)"
20259,Pallasovka,34061.0,Valid,"Pallasite, PMG",198000.0,Found,1990.0,49.86667,46.61167,"(49.866670, 46.611670)"
20360,Pavlodar (pallasite),18174.0,Valid,"Pallasite, PMG-an",4500.0,Found,1885.0,51.16667,77.33333,"(51.166670, 77.333330)"
21007,Petropavlovka,18802.0,Valid,H4,1773.0,Found,1916.0,48.2,43.73333,"(48.200000, 43.733330)"
21008,Petropavlovsk,18803.0,Valid,"Iron, ungrouped",7000.0,Found,1841.0,53.35,87.18333,"(53.350000, 87.183330)"
21047,Podgrodzie,31301.0,Valid,H4/5,8.9,Found,2000.0,50.90333,21.54983,"(50.903330, 21.549830)"
21048,Podolkhovsky,51587.0,Valid,L6,648.0,Found,2007.0,49.66883,42.8325,"(49.668830, 42.832500)"
21054,Polujamki,18861.0,Valid,H4,18350.0,Found,1971.0,52.1,79.7,"(52.100000, 79.700000)"
21055,Pomozdino,18863.0,Valid,Eucrite-cm,327.0,Found,1964.0,62.2,54.16667,"(62.200000, 54.166670)"
21073,Preobrazhenka,18886.0,Valid,H3/4,418.0,Found,1949.0,53.7,79.5,"(53.700000, 79.500000)"
21087,Qijiaojing,54610.0,Valid,"Iron, ungrouped",160000.0,Found,2003.0,43.75,92.91667,"(43.750000, 92.916670)"
24546,Raguli,22373.0,Valid,H3.8,4239.0,Found,1972.0,45.7,43.7,"(45.700000, 43.700000)"
24548,Rakity,22375.0,Valid,L3,11400.0,Found,1971.0,51.8,79.9,"(51.800000, 79.900000)"
25078,Romashki,52890.0,Valid,L6,3400.0,Found,2009.0,50.28533,46.69967,"(50.285330, 46.699670)"
25207,Rumanová,22781.0,Valid,H5,4300.0,Found,1994.0,48.348,17.866,"(48.348000, 17.866000)"
25230,Salla,23110.0,Valid,L6,7000.0,Found,1963.0,66.8,28.45,"(66.800000, 28.450000)"
25328,Saotome,23174.0,Valid,"Iron, IVA",10880.0,Found,1892.0,36.5,137.0,"(36.500000, 137.000000)"
25331,Sarepta,23178.0,Valid,"Iron, IAB-MG",14000.0,Found,1854.0,48.48333,44.81667,"(48.483330, 44.816670)"
25332,Sargiin Gobi,23179.0,Valid,"Iron, IAB complex",17500.0,Found,1964.0,45.9835,105.75883,"(45.983500, 105.758830)"
25814,Schwetz,23461.0,Valid,"Iron, IIIAB",21500.0,Found,1850.0,53.4,18.45,"(53.400000, 18.450000)"
25824,Seeläsgen,23474.0,Valid,"Iron, IAB-MG",102000.0,Found,1847.0,52.26667,15.55,"(52.266670, 15.550000)"
25830,Selcany,23482.0,Valid,Iron,20.0,Found,1900.0,49.75,14.41667,"(49.750000, 14.416670)"
25849,Severny Kolchim,23507.0,Valid,H3,1390.0,Found,1965.0,60.5,57.0,"(60.500000, 57.000000)"
25850,Seymchan,23510.0,Valid,"Pallasite, PMG",323300.0,Found,1967.0,62.9,152.43333,"(62.900000, 152.433330)"
25875,Shangdu,23523.0,Valid,"Iron, IIIAB",247000.0,Found,1957.0,42.5,114.0,"(42.500000, 114.000000)"
25880,Shibayama,23532.0,Valid,L6,235.0,Found,1969.0,35.765,140.41,"(35.765000, 140.410000)"
25883,Shirahagi,23536.0,Valid,"Iron, IVA",22700.0,Found,1890.0,36.7,137.36667,"(36.700000, 137.366670)"
25884,Shiraiwa,23537.0,Valid,H4,950.0,Found,1915.0,39.5,140.2,"(39.500000, 140.200000)"
26008,Shohaku,23580.0,Valid,Iron,101.0,Found,1938.0,40.31667,126.91667,"(40.316670, 126.916670)"
26025,Simbirsk (of P. Partsch),23602.0,Valid,OC,1500.0,Found,1838.0,54.3,48.4,"(54.300000, 48.400000)"
26064,Slobodka (of P. Partsch),23646.0,Valid,L6,950.0,Found,1838.0,55.0,35.0,"(55.000000, 35.000000)"
26083,Souslovo,23673.0,Valid,L4,19300.0,Found,1997.0,55.4295,55.78727,"(55.429500, 55.787270)"
26099,Ssyromolotovo,23694.0,Valid,"Iron, IIIAB",217000.0,Found,1873.0,58.61667,98.93333,"(58.616670, 98.933330)"
26112,Steinbach,23722.0,Valid,"Iron, IVA-an",98000.0,Found,1724.0,50.5,12.5,"(50.500000, 12.500000)"
26137,Sukhoj Liman,23739.0,Valid,H4/5,48000.0,Found,1987.0,46.4,30.8,"(46.400000, 30.800000)"
26162,Susuman,23762.0,Valid,"Iron, IIIAB",18900.0,Found,1957.0,62.72139,148.13028,"(62.721390, 148.130280)"
26164,Suwa,23764.0,Valid,Iron,203.0,Found,1915.0,36.03333,138.08333,"(36.033330, 138.083330)"
26169,Sverdlovsk,23769.0,Valid,H4/5,4500.0,Found,1985.0,57.0,62.7,"(57.000000, 62.700000)"
26171,Święcany,47342.0,Valid,L/LL5,8.0,Found,2004.0,49.79139,21.25778,"(49.791390, 21.257780)"
26172,Sychevka,23772.0,Valid,"Iron, IIIAB",65000.0,Found,1988.0,51.125,127.495,"(51.125000, 127.495000)"
26173,Tabarz,23774.0,Valid,"Iron, IAB-MG",150.0,Found,1854.0,50.88333,10.51667,"(50.883330, 10.516670)"
26191,Tamir-Tsetserleg,23799.0,Valid,Stone-uncl,173000.0,Found,1956.0,47.45,101.47917,"(47.450000, 101.479170)"
26284,Tarbagatai,23878.0,Valid,L5,370.0,Found,1912.0,51.36667,107.38333,"(51.366670, 107.383330)"
26298,Tendo,23896.0,Valid,"Iron, IIIAB",10100.0,Found,1910.0,38.35,140.37333,"(38.350000, 140.373330)"
26302,Teplá,23902.0,Valid,"Iron, IIIAB",17000.0,Found,1909.0,49.98333,12.86667,"(49.983330, 12.866670)"
26304,Tessera,23905.0,Valid,H4,51.3,Found,2000.0,45.50833,12.30833,"(45.508330, 12.308330)"
26451,Toubil River,24034.0,Valid,"Iron, IIIAB",22000.0,Found,1891.0,55.88333,89.1,"(55.883330, 89.100000)"
26454,Towada,24039.0,Valid,H6,53.5,Found,1997.0,40.55,141.23333,"(40.550000, 141.233330)"
26463,Tsarev,24058.0,Valid,L5,1225300.0,Found,1968.0,48.7,45.7,"(48.700000, 45.700000)"
26497,Tuzla,24087.0,Valid,L6,236.0,Found,1920.0,44.01667,28.63333,"(44.016670, 28.633330)"
26508,Ultuna,24109.0,Valid,H,1900.0,Found,1944.0,59.81667,17.66667,"(59.816670, 17.666670)"
26509,Ulyanovsk,45816.0,Valid,H5,4680.0,Found,2006.0,54.364947,48.591447,"(54.364947, 48.591447)"
26571,Unter-Mässing,24124.0,Valid,"Iron, IIC",80000.0,Found,1920.0,49.09028,11.33333,"(49.090280, 11.333330)"
26572,Ural,24126.0,Valid,OC,9400.0,Found,1981.0,55.8,66.0,"(55.800000, 66.000000)"
26577,Ust-Nyukzha,24133.0,Valid,"Iron, IAB complex",44000.0,Found,1992.0,56.38333,120.46667,"(56.383330, 120.466670)"
26585,Valkeala,24150.0,Valid,L6,4000.0,Found,1962.0,61.05,26.83333,"(61.050000, 26.833330)"
26587,Varpaisjärvi,24153.0,Valid,L6,2000.0,Found,1913.0,63.3,27.73333,"(63.300000, 27.733330)"
26589,Veliko-Nikolaevsky Priisk,24157.0,Valid,"Iron, IIIAB",24267.0,Found,1902.0,53.83333,97.33333,"(53.833330, 97.333330)"
26594,Verkhne Dnieprovsk,24164.0,Valid,"Iron, IIE",70.0,Found,1876.0,48.63333,34.36667,"(48.633330, 34.366670)"
26595,Verkhne Udinsk,24166.0,Valid,"Iron, IIIAB",18000.0,Found,1854.0,54.76667,113.98333,"(54.766670, 113.983330)"
26596,Verkhnyi Saltov,31352.0,Valid,"Iron, IIIAB",9530.0,Found,2001.0,50.11112,36.8001,"(50.111120, 36.800100)"
26598,Vicenice,24170.0,Valid,"Iron, IID",4370.0,Found,1911.0,49.21667,15.8,"(49.216670, 15.800000)"
26611,Vyatka,24193.0,Valid,H4,45000.0,Found,1991.0,57.53333,49.0,"(57.533330, 49.000000)"
26656,Weikengquan,45011.0,Valid,H5,665.0,Found,2006.0,40.26667,99.81667,"(40.266670, 99.816670)"
26666,Wernigerode,24243.0,Valid,H5,24.3,Found,1970.0,51.85,10.78333,"(51.850000, 10.783330)"
26757,Wu-chu-mu-ch'in,24341.0,Valid,"Iron, IAB-ung",68860.0,Found,1920.0,45.5,118.0,"(45.500000, 118.000000)"
26760,Xifu,54608.0,Valid,"Iron, IAB complex",3000000.0,Found,2004.0,36.3,120.48333,"(36.300000, 120.483330)"
31664,Ybbsitz,30360.0,Valid,H4,15000.0,Found,1977.0,47.96,14.89,"(47.960000, 14.890000)"
31682,Yudoma,30376.0,Valid,"Iron, IVA",7600.0,Found,1946.0,60.0,140.0,"(60.000000, 140.000000)"
31687,Zakłodzie,30390.0,Valid,Enst achon-ung,8680.0,Found,1998.0,50.76278,22.86611,"(50.762780, 22.866110)"
31695,Zerkaly,31354.0,Valid,H5,16000.0,Found,1956.0,52.13333,81.96667,"(52.133330, 81.966670)"
31697,Zhigansk,30405.0,Valid,"Iron, IIIAB",900000.0,Found,1966.0,68.0,128.3,"(68.000000, 128.300000)"
31702,Zlin,30410.0,Valid,H4,3.3,Found,1939.0,49.25,17.66667,"(49.250000, 17.666670)"
31703,Zubkovsky,31357.0,Valid,L6,2167.0,Found,2003.0,49.78917,41.5046,"(49.789170, 41.504600)"
